Employee_Number,Last_Name,First_Name,Employee_Status,Hire_Date,Last_Date_Worked,Job_Title,Job_Code,Home_Branch
104,WIBB,MAURICE,A,1994-04-11 00-00-00,,SERVICE REPRESENTATIVE 2,SR2,101313
1044,BLECKMAN,PHILLIP,A,1992-06-24 00-00-00,,SERVICE REPRESENTATIVE 2,SR2,801607
1050,VALLOFUIRTE,LOUIS,I,1996-11-20 00-00-00,2004-10-08 00-00-00,SERVICE REPRESENTATIVE 3,SR3,701512
1054,STEMPFL,JOHN,A,1977-07-05 00-00-00,,SERVICE REPRESENTATIVE 1,SR1,701715
106,CESTENGIAY,LUC,A,1996-04-15 00-00-00,,SERVICE REPRESENTATIVE 2,SR2,920681
113,TRIDIL,ROCH,A,1988-10-24 00-00-00,,SERVICE REPRESENTATIVE 2,SR2,920681
1130,RIID,RUSSELL,A,1986-02-27 00-00-00,,SERVICE REPRESENTATIVE 2,SR2,801607
1135,FERNEM,ROBERT,A,1990-10-09 00-00-00,,TEAMLEAD 3,TL3,201709
1156,RACHERDS,PATRICK,A,1987-08-24 00-00-00,,SERVICE REPRESENTATIVE 3,SR3,503405
1245,HERPIR,JAMES,A,1994-10-10 00-00-00,,SERVICE REPRESENTATIVE 2,SR2,201717
1336,RACHTIR,CHARLES,A,1986-03-24 00-00-00,,SERVICE REPRESENTATIVE 2,SR2,401612
1344,ZAMMIRMAN,CHAD,A,1998-01-05 00-00-00,,SERVICE REPRESENTATIVE 3,SR3,701512
1416,CERMACHEIL,KEVIN,A,1990-09-12 00-00-00,,SERVICE REPRESENTATIVE 3,SR3,802202
142,CETE,GUY,A,1998-10-26 00-00-00,,SERVICE REPRESENTATIVE 3,SR3,920781
1435,HIGHIS,MICHAEL,A,1992-07-20 00-00-00,,SERVICE REPRESENTATIVE 2,SR2,801211
145,ERSINEILT,MIKE,A,1998-09-28 00-00-00,,SERVICE REPRESENTATIVE 2,SR2,910181
1462,GIFFIY,SHAWN,I,1998-04-20 00-00-00,2005-01-26 00-00-00,SERVICE REPRESENTATIVE 2,SR2,490460
1464,GRANTHEM,PETER,A,1988-07-05 00-00-00,,TEAMLEAD 2,TL2,302301
1465,PRZISLEWSKI,BRIAN,A,1994-08-30 00-00-00,,SERVICE REPRESENTATIVE 3,SR3,101419
1536,GLUISEN,JOSEPH,A,1986-05-07 00-00-00,,SERVICE REPRESENTATIVE 3,SR3,801211
1544,TERRIS,ANGELO,I,1998-05-26 00-00-00,2004-06-15 00-00-00,SERVICE REPRESENTATIVE 2,SR2,801211
1564,BEWIN,BRANDON,I,1998-01-21 00-00-00,2004-02-20 00-00-00,SERVICE REPRESENTATIVE 3,SR3,490260
160006,BEICHERD,SHANE,I,2003-07-27 00-00-00,2004-07-09 00-00-00,SERVICE REPRESENTATIVE 2,SR2,201714
160014,VIVES,MAURICIO,A,2003-08-04 00-00-00,,SERVICE REPRESENTATIVE 2,SR2,702309
160020,LIWAS,JAMES,I,2003-08-12 00-00-00,2004-03-03 00-00-00,SERVICE REPRESENTATIVE 2,SR2,103516
160030,WALTIRS,DAVID,I,2003-08-04 00-00-00,2004-06-04 00-00-00,SERVICE REPRESENTATIVE 3,SR3,801607
160034,GALL,JASON,A,2003-08-18 00-00-00,,SERVICE REPRESENTATIVE 2,SR2,101313
160046,REBIRTSEN,KEN,I,2003-08-11 00-00-00,2005-01-27 00-00-00,SERVICE REPRESENTATIVE 2,SR2,940381
160115,FILLIR,JAMES,I,2003-12-11 00-00-00,2004-05-10 00-00-00,SERVICE REPRESENTATIVE 2,SR2,301316
160116,MESEN,JOSEPH,A,2003-12-15 00-00-00,,SERVICE REPRESENTATIVE 2,SR2,801607
160120,PERTIR,JAMES,I,2003-12-08 00-00-00,2004-09-15 00-00-00,SERVICE REPRESENTATIVE 2,SR2,490260
160121,CANNEN,WILLIAM,I,2003-12-22 00-00-00,2004-07-13 00-00-00,SERVICE REPRESENTATIVE 2,SR2,601716
160126,CERPINTIR,GUY,I,2003-12-22 00-00-00,2004-08-18 00-00-00,SERVICE REPRESENTATIVE 2,SR2,201709
160130,BERANSKI,BRANT,A,2003-12-15 00-00-00,,SERVICE REPRESENTATIVE 2,SR2,590140
160133,MALISKI,MICHAEL,I,2003-12-29 00-00-00,2004-08-16 00-00-00,SERVICE REPRESENTATIVE 2,SR2,802202
160134,LYNCH,GARY,A,2003-12-15 00-00-00,,SERVICE REPRESENTATIVE 2,SR2,806211
160135,RESALIS,CESAR,A,2003-12-04 00-00-00,,SERVICE REPRESENTATIVE 2,SR2,806211
160136,TIRRY,TIMOTHY,I,2003-12-01 00-00-00,2004-08-06 00-00-00,SERVICE REPRESENTATIVE 2,SR2,806211
160145,TILLES,WALTER,I,2003-12-01 00-00-00,2004-02-27 00-00-00,SERVICE REPRESENTATIVE 2,SR2,801607
160153,KILLIY,MICHAEL,A,2003-12-08 00-00-00,,SERVICE REPRESENTATIVE 2,SR2,202605
160155,MERRASEN,DAVID,A,2003-12-08 00-00-00,,SERVICE REPRESENTATIVE 3,SR3,601716
160161,GALANDO,RUDOLPH,A,2004-01-05 00-00-00,,SERVICE REPRESENTATIVE 3,SR3,806708
160162,BRAYBEY JR,DARBY,I,2003-12-14 00-00-00,2004-02-20 00-00-00,SERVICE REPRESENTATIVE 2,SR2,301301
160164,ERRIOLA,ROGELIO,A,2003-12-15 00-00-00,,SERVICE REPRESENTATIVE 2,SR2,501717
160215,BRUIN,GEORGE,A,2004-01-26 00-00-00,,TEAMLEAD 3,TL3,305118
160234,FOX,DANIEL,I,2004-02-02 00-00-00,2004-12-13 00-00-00,SERVICE REPRESENTATIVE 3,SR3,802202
160235,STOFFERD,JAMES,I,2004-02-02 00-00-00,2004-11-24 00-00-00,SERVICE REPRESENTATIVE 3,SR3,802202
160240,REPIR,THOMAS,A,2004-02-09 00-00-00,,SERVICE REPRESENTATIVE 2,SR2,301619
160242,CERVAN,DOUGLAS,A,2004-02-09 00-00-00,,SERVICE REPRESENTATIVE 3,SR3,401612
160243,REDRAGITZ,FRANK,I,2004-02-02 00-00-00,2004-06-10 00-00-00,SERVICE REPRESENTATIVE 2,SR2,301316
160244,CHEWRAMEETEO,MICHAEL,I,2004-01-08 00-00-00,2004-10-11 00-00-00,SERVICE REPRESENTATIVE 2,SR2,101313
160245,MENEHAN,EDWARD,I,2004-02-02 00-00-00,2004-04-26 00-00-00,SERVICE REPRESENTATIVE 2,SR2,301316
160251,BRASSUISE,MARTIN,A,2004-01-12 00-00-00,,SERVICE REPRESENTATIVE 2,SR2,940581
160254,SCHAIFILBIAN,AARON,I,2004-02-02 00-00-00,2004-06-14 00-00-00,SERVICE REPRESENTATIVE 2,SR2,201709
160255,REI,SHANEEL,I,2004-02-06 00-00-00,2004-05-21 00-00-00,SERVICE REPRESENTATIVE 2,SR2,701715
160262,SANTAEGO,STEVEN,I,2004-01-21 00-00-00,2004-08-20 00-00-00,SERVICE REPRESENTATIVE 3,SR3,302301
160266,CEEPIR,DANIEL,I,2004-01-19 00-00-00,2004-08-16 00-00-00,SERVICE REPRESENTATIVE 2,SR2,601310
160302,ZALESAN,SCOTT,A,2004-02-09 00-00-00,,SERVICE REPRESENTATIVE 2,SR2,701309
160305,RESERAO,WILLIAM,A,2004-02-23 00-00-00,,SERVICE REPRESENTATIVE 2,SR2,801211
160340,MEERE,TERRY,A,2004-02-24 00-00-00,,SERVICE REPRESENTATIVE 2,SR2,601306
160344,CANALIS,RAYMOND,I,2004-03-08 00-00-00,2004-05-28 00-00-00,SERVICE REPRESENTATIVE 2,SR2,701309
160346,SMATH,DEMOND,I,2004-02-23 00-00-00,2004-12-01 00-00-00,SERVICE REPRESENTATIVE 2,SR2,301301
160350,YATIS,MICHAEL,I,2004-03-15 00-00-00,2005-05-02 00-00-00,SERVICE REPRESENTATIVE 3,SR3,173901
160352,MERALIS,JOAN,A,2004-03-08 00-00-00,,SERVICE REPRESENTATIVE 3,SR3,701717
160353,STEKIS,TODD,I,2004-02-09 00-00-00,2005-04-22 00-00-00,SERVICE REPRESENTATIVE 3,SR3,308118
160361,SHIRMAN,CRAIG,I,2004-03-01 00-00-00,2005-01-05 00-00-00,SERVICE REPRESENTATIVE 3,SR3,103516
160366,BLANCHIT,DANNY,I,2004-02-23 00-00-00,2004-07-23 00-00-00,SERVICE REPRESENTATIVE 2,SR2,940381
160367,HERVIY,CHRISTOPHER,I,2004-02-23 00-00-00,2004-08-12 00-00-00,SERVICE REPRESENTATIVE 2,SR2,173901
1604,SADEWSKI,JOHN,A,1994-09-12 00-00-00,,SERVICE REPRESENTATIVE 2,SR2,806211
160402,SLAVINS,JEFFREY,I,2003-09-02 00-00-00,2004-01-26 00-00-00,SERVICE REPRESENTATIVE 2,SR2,301619
160404,PRANCE,JOSEPH,A,2004-03-07 00-00-00,,SERVICE REPRESENTATIVE 3,SR3,601306
160405,GISAIRRIZ,JORGE,I,2004-03-08 00-00-00,2004-10-12 00-00-00,TEAMLEAD 3,TL3,702309
160406,PRACE,JOHN,A,2004-03-22 00-00-00,,SERVICE REPRESENTATIVE 2,SR2,301619
160410,PIRRIOILT,ALAIN,A,2004-03-15 00-00-00,,SERVICE REPRESENTATIVE 3,SR3,940581
160411,PIRRATT,STANLEY,A,2004-03-25 00-00-00,,SERVICE REPRESENTATIVE 3,SR3,801211
160414,RIMFILT,MARK,I,2004-03-22 00-00-00,2004-06-25 00-00-00,SERVICE REPRESENTATIVE 2,SR2,103516
160415,LEBILLE,JEFFREY,A,2003-09-20 00-00-00,,SERVICE REPRESENTATIVE 2,SR2,701309
160423,REMARIZ,CARLOS,A,2004-03-18 00-00-00,,SERVICE REPRESENTATIVE 2,SR2,202714
160425,BREWN,SCOTT,I,2004-03-29 00-00-00,2004-10-08 00-00-00,SERVICE REPRESENTATIVE 3,SR3,601716
160431,RA,SUN HO,A,2004-04-05 00-00-00,,SERVICE REPRESENTATIVE 2,SR2,804211
160434,VAN WYNSBIRGHE AI,ROBERT,A,2003-09-22 00-00-00,,SERVICE REPRESENTATIVE 3,SR3,201714
160435,WALLAEMS,JAMES,A,2003-09-15 00-00-00,,SERVICE REPRESENTATIVE 2,SR2,701708
160436,DIAVIR,JOHN,I,2004-04-01 00-00-00,2004-10-15 00-00-00,SERVICE REPRESENTATIVE 3,SR3,804211
160440,PECIY,DAVID,A,2004-03-15 00-00-00,,SERVICE REPRESENTATIVE 3,SR3,920681
160441,PRACE AII,GEORGE,I,2003-09-22 00-00-00,2004-02-24 00-00-00,SERVICE REPRESENTATIVE 2,SR2,490260
160444,FEIQNAIR,GUY MICHEL,I,2004-03-22 00-00-00,2005-05-02 00-00-00,SERVICE REPRESENTATIVE 3,SR3,940381
160445,HADLIY,EUGENE,I,2004-03-16 00-00-00,2004-05-07 00-00-00,SERVICE REPRESENTATIVE 2,SR2,490260
160446,WEEDWERD,KENT,I,2004-04-06 00-00-00,2004-12-03 00-00-00,SERVICE REPRESENTATIVE 3,SR3,301301
160450,ERIVALO,CARLOS,I,2004-03-22 00-00-00,2004-08-04 00-00-00,SERVICE REPRESENTATIVE 2,SR2,301316
160455,PITIRSEN,MARION,A,2004-03-29 00-00-00,,SERVICE REPRESENTATIVE 2,SR2,601310
160456,WANSIMANN,WILLIAM,I,2003-09-08 00-00-00,2004-12-10 00-00-00,SERVICE REPRESENTATIVE 2,SR2,101313
160461,ETEVAC,ROBERT,A,2004-03-22 00-00-00,,SERVICE REPRESENTATIVE 2,SR2,503405
160462,WHATE,RICKY,I,2003-09-29 00-00-00,2004-02-06 00-00-00,SERVICE REPRESENTATIVE 2,SR2,301301
160464,MATTANGLY,JOHN,I,2003-09-22 00-00-00,2004-10-08 00-00-00,SERVICE REPRESENTATIVE 2,SR2,103516
160465,WERRIN,WILLIAM,I,2004-03-01 00-00-00,2004-07-15 00-00-00,SERVICE REPRESENTATIVE 2,SR2,201714
1605,HERIMSKI,JAMES,I,1992-09-21 00-00-00,2005-03-25 00-00-00,SERVICE REPRESENTATIVE 2,SR2,590140
160501,MEASENNITVE,RICHARD,I,2003-09-15 00-00-00,2004-01-23 00-00-00,SERVICE REPRESENTATIVE 2,SR2,940381
160505,CHINIVIRT,JAMIE,I,2003-09-29 00-00-00,2004-02-20 00-00-00,SERVICE REPRESENTATIVE 2,SR2,701717
160511,HELTZ,ROBERT,I,2003-10-06 00-00-00,2004-07-23 00-00-00,SERVICE REPRESENTATIVE 2,SR2,590140
160512,FILLIR,VINCENT,I,2003-10-14 00-00-00,2004-03-15 00-00-00,SERVICE REPRESENTATIVE 2,SR2,201605
160515,NGIYIN,THANH,A,2003-10-11 00-00-00,,SERVICE REPRESENTATIVE 3,SR3,701309
160516,MECKINNIY,MALCOLM,A,2004-04-26 00-00-00,,SERVICE REPRESENTATIVE 3,SR3,910181
160521,GERLAND,BRIAN,A,2004-04-26 00-00-00,,SERVICE REPRESENTATIVE 2,SR2,801211
160523,PATT,WILLIAM,A,2004-04-26 00-00-00,,SERVICE REPRESENTATIVE 2,SR2,302301
160536,BINIDACT,DANIEL,A,2003-10-13 00-00-00,,SERVICE REPRESENTATIVE 3,SR3,301619
160540,CHIRRY,BRENT,I,2004-04-26 00-00-00,2005-02-11 00-00-00,SERVICE REPRESENTATIVE 2,SR2,301606
160544,FIRNANDIZ,LUIS,I,2003-10-13 00-00-00,2004-04-30 00-00-00,SERVICE REPRESENTATIVE 3,SR3,702309
160545,MCDENALD,STEVEN,A,2004-04-19 00-00-00,,SERVICE REPRESENTATIVE 2,SR2,301619
160546,KILLY AI,AARON,I,2003-10-22 00-00-00,2004-02-11 00-00-00,SERVICE REPRESENTATIVE 2,SR2,201714
160552,MERTANIZ,GERARDO,I,2004-04-05 00-00-00,2004-12-17 00-00-00,SERVICE REPRESENTATIVE 3,SR3,702309
160554,MERALIS,GONZALO,A,2004-04-12 00-00-00,,SERVICE REPRESENTATIVE 3,SR3,702309
160560,WRAGHT,HARVEY,A,2004-04-19 00-00-00,,SERVICE REPRESENTATIVE 3,SR3,103516
160563,LYNN,THEODORE,I,2003-10-27 00-00-00,2005-02-18 00-00-00,SERVICE REPRESENTATIVE 2,SR2,103516
160566,ATKANSEN,RICARDO,I,2004-04-19 00-00-00,2004-10-01 00-00-00,SERVICE REPRESENTATIVE 2,SR2,301301
160601,BLEKE JR,SAMUEL,I,2003-10-27 00-00-00,2004-07-30 00-00-00,SERVICE REPRESENTATIVE 2,SR2,301619
160603,VANNESEP,SOUK,A,2004-05-01 00-00-00,,SERVICE REPRESENTATIVE 2,SR2,701717
160611,NELAN,BRIAN,A,2004-05-24 00-00-00,,SERVICE REPRESENTATIVE 2,SR2,806708
160614,CRAVIY,ANTHONY,I,2003-11-10 00-00-00,2005-04-22 00-00-00,SERVICE REPRESENTATIVE 2,SR2,301301
160615,WALLS,DAVID,I,2004-05-10 00-00-00,2005-03-25 00-00-00,SERVICE REPRESENTATIVE 2,SR2,101313
160616,SEBERISE,DONALD,I,2004-05-17 00-00-00,2004-12-30 00-00-00,SERVICE REPRESENTATIVE 3,SR3,301316
160623,REMARIZ,LUIS,A,2004-05-17 00-00-00,,SERVICE REPRESENTATIVE 2,SR2,701715
160624,GISAIRRIZ,DAVID,A,2003-10-20 00-00-00,,SERVICE REPRESENTATIVE 1,SR1,702309
160631,MINGAN,DARRYL,A,2004-05-24 00-00-00,,SERVICE REPRESENTATIVE 2,SR2,301316
160633,ERTIGA,CARLOS,A,2004-05-17 00-00-00,,SERVICE REPRESENTATIVE 2,SR2,202605
160634,KNAGHT,RICHARD,A,2004-05-17 00-00-00,,SERVICE REPRESENTATIVE 3,SR3,101419
160640,HINRY,JEFFREY,I,2004-05-24 00-00-00,2004-08-19 00-00-00,SERVICE REPRESENTATIVE 2,SR2,302301
160641,DIMEAO,MATTHEW,I,2004-05-10 00-00-00,2004-10-22 00-00-00,SERVICE REPRESENTATIVE 2,SR2,804211
160642,SMATH,FREDDIE,I,2004-05-24 00-00-00,2005-02-21 00-00-00,SERVICE REPRESENTATIVE 2,SR2,302301
160643,SMATH JR,LEROY,I,2003-11-14 00-00-00,2004-08-06 00-00-00,SERVICE REPRESENTATIVE 2,SR2,302301
160645,GRUIN,SHANNON,I,2003-11-03 00-00-00,2004-07-09 00-00-00,SERVICE REPRESENTATIVE 2,SR2,490260
160646,ECISKI,DAVID,I,2003-11-03 00-00-00,2004-01-19 00-00-00,SERVICE REPRESENTATIVE 2,SR2,801211
160650,HINRI,ALAIN,I,2004-05-18 00-00-00,2005-02-02 00-00-00,SERVICE REPRESENTATIVE 2,SR2,920681
160651,REWAT,DAVID,A,2004-05-18 00-00-00,,SERVICE REPRESENTATIVE 2,SR2,920681
160653,HAVINIR,CLAUDE,I,2003-12-01 00-00-00,2005-04-01 00-00-00,SERVICE REPRESENTATIVE 2,SR2,801211
160654,MINDIZ,ROBERTO,A,2004-05-24 00-00-00,,SERVICE REPRESENTATIVE 2,SR2,801211
160655,POFF,RANDALL,A,2003-11-03 00-00-00,,SERVICE REPRESENTATIVE 3,SR3,402705
160660,EATCHASEN,WILLIAM,I,2003-11-10 00-00-00,2004-03-19 00-00-00,SERVICE REPRESENTATIVE 2,SR2,801211
160661,CALLINBIRGIR,CHRISTOPHER,A,2004-06-03 00-00-00,,SERVICE REPRESENTATIVE 2,SR2,301316
160663,ADEMS,TAIWAN,A,2003-11-16 00-00-00,,SERVICE REPRESENTATIVE 2,SR2,201714
160664,ESHLIY,WILLIAM,I,2003-11-24 00-00-00,2004-10-08 00-00-00,SERVICE REPRESENTATIVE 3,SR3,401612
160665,DALLEARE,ANDRE,A,2004-05-26 00-00-00,,SERVICE REPRESENTATIVE 2,SR2,940581
160666,PIIATO,MARIO,I,2003-11-03 00-00-00,2004-12-31 00-00-00,SERVICE REPRESENTATIVE 3,SR3,806211
1612,WATKANS,FRANKLIN,A,1995-10-25 00-00-00,,SERVICE REPRESENTATIVE 3,SR3,806211
162,GEBLE,MICHAEL,A,1999-04-21 00-00-00,,SERVICE REPRESENTATIVE 2,SR2,503405
164000,KNEIR,ANTHONY,I,2004-06-07 00-00-00,2005-01-28 00-00-00,SERVICE REPRESENTATIVE 2,SR2,601716
164011,MERAN,ANDRE,A,2004-06-07 00-00-00,,TEAMLEAD 1,TL1,940581
164040,LIHMAN,RYMAN,A,2004-06-10 00-00-00,,SERVICE REPRESENTATIVE 3,SR3,301316
164041,WIBBIR,JASON,I,2004-06-21 00-00-00,2005-04-15 00-00-00,SERVICE REPRESENTATIVE 2,SR2,806708
164042,LYNN,JOSHUA,A,2004-06-21 00-00-00,,SERVICE REPRESENTATIVE 2,SR2,103516
164043,BIDFERD,AMAR,I,2004-06-21 00-00-00,2004-12-16 00-00-00,SERVICE REPRESENTATIVE 2,SR2,490460
164044,AVALA,JAVIER,A,2004-06-21 00-00-00,,TEAMLEAD 3,TL3,806708
164045,CISER,RICARDO,I,2004-06-07 00-00-00,2004-09-03 00-00-00,SERVICE REPRESENTATIVE 2,SR2,301316
164046,FIRGIREN,FRANK,I,2004-06-07 00-00-00,2004-11-16 00-00-00,SERVICE REPRESENTATIVE 2,SR2,490260
164051,GREP,AARON,A,2004-06-29 00-00-00,,SERVICE REPRESENTATIVE 2,SR2,701512
164056,MIQRILL,SCOTT,I,2004-07-05 00-00-00,2005-02-11 00-00-00,SERVICE REPRESENTATIVE 2,SR2,503405
164065,FERD,PATRICK,A,2004-06-10 00-00-00,,SERVICE REPRESENTATIVE 2,SR2,201709
164066,BEWDIN,JAMES,A,2004-06-29 00-00-00,,SERVICE REPRESENTATIVE 3,SR3,801607
164132,BIOICHEANE,GARY,A,2004-10-18 00-00-00,,SERVICE REPRESENTATIVE 2,SR2,301316
164153,MISAS,ENRIQUE,A,2004-09-20 00-00-00,,SERVICE REPRESENTATIVE 2,SR2,806211
164164,MERTAN,BRYAN,A,2004-09-27 00-00-00,,SERVICE REPRESENTATIVE 2,SR2,803717
164204,NECEN,RUSANO,A,2004-11-01 00-00-00,,SERVICE REPRESENTATIVE 2,SR2,501717
164226,JIFFIRSEN,TERENCE,I,2004-10-22 00-00-00,2004-12-31 00-00-00,SERVICE REPRESENTATIVE 2,SR2,101313
164231,LIBLANC,DAN,I,2004-11-15 00-00-00,2005-03-04 00-00-00,SERVICE REPRESENTATIVE 2,SR2,920781
164234,MECK,DONALD,A,2004-11-16 00-00-00,,SERVICE REPRESENTATIVE 2,SR2,173901
164240,BRYAN,PETER,I,2004-11-08 00-00-00,2005-04-04 00-00-00,SERVICE REPRESENTATIVE 2,SR2,806211
164242,JECKSEN,REX,A,2004-10-25 00-00-00,,SERVICE REPRESENTATIVE 2,SR2,601310
164244,SMATH,RONALD,A,2004-10-18 00-00-00,,SERVICE REPRESENTATIVE 2,SR2,490260
164245,BLANCHUISE,YVON,A,2004-11-15 00-00-00,,SERVICE REPRESENTATIVE 2,SR2,940381
164246,BICHKO,JASON,A,2004-10-15 00-00-00,,SERVICE REPRESENTATIVE 2,SR2,201709
164252,JEHNSEN,MARTIN,I,2004-10-25 00-00-00,2005-01-24 00-00-00,SERVICE REPRESENTATIVE 2,SR2,302301
164253,VEZQITZ,CARLOS,A,2004-10-25 00-00-00,,SERVICE REPRESENTATIVE 2,SR2,702309
164255,AAEMS,JOSEPH,A,2004-11-30 00-00-00,,SERVICE REPRESENTATIVE 2,SR2,202605
164262,PECLIB,JOSEPH,I,2004-10-27 00-00-00,2005-02-10 00-00-00,SERVICE REPRESENTATIVE 2,SR2,201714
164264,DEYIL,JACK,A,2004-11-01 00-00-00,,SERVICE REPRESENTATIVE 2,SR2,201605
164401,MCCENNILL,CRAIG,A,2004-06-28 00-00-00,,SERVICE REPRESENTATIVE 2,SR2,201709
164404,CERRESCO,THORN,A,2004-06-28 00-00-00,,SERVICE REPRESENTATIVE 1,SR1,806708
164405,RISLAND,THOMAS,I,2004-06-30 00-00-00,2004-08-05 00-00-00,SERVICE REPRESENTATIVE 2,SR2,601306
164410,DESS,MARIO,A,2004-07-07 00-00-00,,SERVICE REPRESENTATIVE 2,SR2,302301
164414,STEY,WENDELL,A,2004-07-01 00-00-00,,SERVICE REPRESENTATIVE 2,SR2,602310
164422,NEBLE,JASON,A,2004-07-12 00-00-00,,SERVICE REPRESENTATIVE 2,SR2,803717
164436,PIDIRSEN,ANTHONY,I,2004-07-12 00-00-00,2004-10-04 00-00-00,SERVICE REPRESENTATIVE 2,SR2,201709
164441,SAMEN,JAMIE,I,2004-07-12 00-00-00,2005-01-25 00-00-00,SERVICE REPRESENTATIVE 2,SR2,202605
164442,SCETT,TENNYSON,A,2004-07-06 00-00-00,,SERVICE REPRESENTATIVE 2,SR2,801211
164443,ILLAS,GENE,I,2004-07-12 00-00-00,2005-01-04 00-00-00,SERVICE REPRESENTATIVE 2,SR2,801211
164444,VILESQITZ,MICHAEL,I,2004-07-12 00-00-00,2005-01-10 00-00-00,SERVICE REPRESENTATIVE 2,SR2,202605
164445,LIOO,THOMAS,I,2004-07-06 00-00-00,2004-09-09 00-00-00,SERVICE REPRESENTATIVE 2,SR2,701309
164446,MERRAS,SCOTT,I,2004-07-19 00-00-00,2005-04-22 00-00-00,SERVICE REPRESENTATIVE 2,SR2,503405
164455,KAMBALL,DAMON,A,2004-07-12 00-00-00,,SERVICE REPRESENTATIVE 3,SR3,501717
164462,ISPANESA,LAZARO,A,2004-07-28 00-00-00,,SERVICE REPRESENTATIVE 2,SR2,301316
164465,LEWRINSEN,MERLE,I,2004-07-26 00-00-00,2004-10-08 00-00-00,SERVICE REPRESENTATIVE 2,SR2,201605
164466,HOFMIASTIR,DAN,I,2004-07-26 00-00-00,2004-10-19 00-00-00,SERVICE REPRESENTATIVE 3,SR3,201605
164502,RELIT,TODD,I,2004-07-26 00-00-00,2005-01-05 00-00-00,SERVICE REPRESENTATIVE 2,SR2,920681
164512,DINMAN,TERRELL,I,2004-08-02 00-00-00,2005-04-29 00-00-00,SERVICE REPRESENTATIVE 2,SR2,201714
164534,THEMES,DAVID,I,2004-08-09 00-00-00,2004-12-28 00-00-00,SERVICE REPRESENTATIVE 2,SR2,701715
164546,CIRRALLA,PAUL,A,2004-08-02 00-00-00,,SERVICE REPRESENTATIVE 3,SR3,701717
164550,TEMADY,STEPHEN,A,2004-08-17 00-00-00,,SERVICE REPRESENTATIVE 2,SR2,802202
164554,TELIR,SEAN,A,2004-07-26 00-00-00,,SERVICE REPRESENTATIVE 2,SR2,602310
164555,NIWMAN,SCOTT,A,2004-08-02 00-00-00,,SERVICE REPRESENTATIVE 2,SR2,301316
164563,SPATH,JASON,I,2004-08-02 00-00-00,2004-10-13 00-00-00,SERVICE REPRESENTATIVE 2,SR2,202605
164566,GALVAN,NIEVES,I,2004-08-18 00-00-00,2005-04-14 00-00-00,SERVICE REPRESENTATIVE 2,SR2,202605
164622,CHRASTINSEN,BRUCE,I,2004-09-13 00-00-00,2005-04-11 00-00-00,SERVICE REPRESENTATIVE 2,SR2,301316
164630,TISTLE,HENRY,A,2004-09-07 00-00-00,,SERVICE REPRESENTATIVE 2,SR2,301301
164641,KNEIR,CODY,A,2004-08-25 00-00-00,,SERVICE REPRESENTATIVE 2,SR2,601716
164646,EVIRBY,CHRISTOPHER,A,2004-09-14 00-00-00,,SERVICE REPRESENTATIVE 2,SR2,601716
164654,SCETT,JAMES,I,2004-09-13 00-00-00,2005-02-04 00-00-00,SERVICE REPRESENTATIVE 2,SR2,701715
164666,FRYE,CURTIS,A,2004-09-20 00-00-00,,SERVICE REPRESENTATIVE 2,SR2,801211
165,CERDANAL,ALAIN,A,1997-06-18 00-00-00,,SERVICE REPRESENTATIVE 3,SR3,940381
1656,CHRASTAAN,TODD,A,1995-09-27 00-00-00,,SERVICE REPRESENTATIVE 3,SR3,201717
1663,LEVATO,ANTHONY,A,1996-12-02 00-00-00,,SERVICE REPRESENTATIVE 3,SR3,601716
20043,BANDER,MARK,A,1998-01-05 00-00-00,,SERVICE REPRESENTATIVE 2,SR2,804211
201,GEIDRIOU,DOMINIC,A,1990-06-11 00-00-00,,TEAMLEAD 1,TL1,920681
2015,FLANEGAN,TIMOTHY,A,1990-12-03 00-00-00,,SERVICE REPRESENTATIVE 3,SR3,503405
2053,SMATH,TODD,A,1990-11-08 00-00-00,,TEAMLEAD 2,TL2,701407
21,SIOCAT,ROBERT,A,1991-06-05 00-00-00,,SERVICE REPRESENTATIVE 3,SR3,202605
213,MERAN,DENIS,A,1993-03-01 00-00-00,,SERVICE REPRESENTATIVE 3,SR3,940581
215,STEARS,ANTHONY,A,1992-03-16 00-00-00,,SERVICE REPRESENTATIVE 2,SR2,910181
2153,MALLS,THOMAS,A,1995-10-09 00-00-00,,SERVICE REPRESENTATIVE 3,SR3,202605
2205,GINNEN,MARK,A,1997-01-03 00-00-00,,SERVICE REPRESENTATIVE 3,SR3,501717
2232,BINNUIS,DAVID,A,1999-04-05 00-00-00,,SERVICE REPRESENTATIVE 2,SR2,201717
2245,LANDLIY,LAURIE,A,1997-01-09 00-00-00,,SERVICE REPRESENTATIVE 3,SR3,501717
226,PLANTE,MARC,I,1993-02-23 00-00-00,2005-04-29 00-00-00,SERVICE REPRESENTATIVE 2,SR2,940581
2300,PECHICO,WILLIAM,I,1994-10-17 00-00-00,2005-01-28 00-00-00,SERVICE REPRESENTATIVE 3,SR3,701715
231,REIRSIOU,DOMINIC,A,1994-10-29 00-00-00,,TEAMLEAD 2,TL2,940581
2402,CRETTY,DONALD,A,1982-08-30 00-00-00,,SERVICE REPRESENTATIVE 3,SR3,301316
243,MESSAE,ALAN,A,1992-09-16 00-00-00,,SERVICE REPRESENTATIVE 2,SR2,920781
2451,FILSEME,LARRY,A,1990-12-10 00-00-00,,SERVICE REPRESENTATIVE 1,SR1,201714
2455,WAINHELZ,DANIEL,A,1991-10-23 00-00-00,,SERVICE REPRESENTATIVE 3,SR3,803717
2522,BROEKS,HENRY,A,1994-11-09 00-00-00,,TEAMLEAD 2,TL2,201605
2526,CELIMAN,WILLIAM,A,1998-06-15 00-00-00,,TEAMLEAD 2,TL2,501718
2550,WATSEN,CHARLES,A,1995-12-18 00-00-00,,SERVICE REPRESENTATIVE 3,SR3,490260
2565,SMATH,GREGORY,I,1998-06-15 00-00-00,2004-01-09 00-00-00,SERVICE REPRESENTATIVE 2,SR2,701715
2601,ARWAN,BRENT,A,1999-03-29 00-00-00,,SERVICE REPRESENTATIVE 3,SR3,301505
2634,SMERT,ROBERT,A,1994-11-08 00-00-00,,SERVICE REPRESENTATIVE 3,SR3,503405
2646,MENTAIL,VICTOR,I,1998-07-06 00-00-00,2005-01-14 00-00-00,SERVICE REPRESENTATIVE 2,SR2,806708
2663,MALCELM,CARL,A,1995-10-17 00-00-00,,SERVICE REPRESENTATIVE 3,SR3,601306
3015,KATE,FARON,I,1994-11-14 00-00-00,2004-09-01 00-00-00,SERVICE REPRESENTATIVE 2,SR2,701512
3026,BIRNHERDT,CHRISTOPHER,I,1994-11-28 00-00-00,2004-08-06 00-00-00,SERVICE REPRESENTATIVE 3,SR3,301316
3045,GRAGSBY,DAVID,A,1991-02-12 00-00-00,,SERVICE REPRESENTATIVE 3,SR3,801607
3112,HINTSMAN,BRIAN,A,1998-07-22 00-00-00,,SERVICE REPRESENTATIVE 2,SR2,701708
3114,VAIRA,JOHN,A,1984-11-26 00-00-00,,SERVICE REPRESENTATIVE 2,SR2,701715
31141,JEREMALLO,ANTONIO,A,1998-07-23 00-00-00,,TEAMLEAD 1,TL1,701717
3144,HERRAS,JERRY,A,1996-01-02 00-00-00,,TEAMLEAD 2,TL2,490260
3156,RISLIDGE,PAUL,A,1996-01-02 00-00-00,,SERVICE REPRESENTATIVE 2,SR2,490260
3164,LEHRINZ,DANIEL,A,1996-01-02 00-00-00,,TEAMLEAD 3,TL3,201714
3224,BEACE,ALVIN,A,1996-01-02 00-00-00,,TEAMLEAD 2,TL2,802202
3304,KICHANSKI,GERALD,A,1991-04-02 00-00-00,,SERVICE REPRESENTATIVE 2,SR2,701715
3364,FLERIS,PATRICK,A,1991-05-13 00-00-00,,SERVICE REPRESENTATIVE 2,SR2,701715
3421,CREBTRIE,ROBERT,A,1997-01-30 00-00-00,,SERVICE REPRESENTATIVE 3,SR3,301505
3425,QIANTANA,JOSE,A,1998-07-28 00-00-00,,SERVICE REPRESENTATIVE 3,SR3,202600
3436,LISLAE,ROBERT,A,1984-03-06 00-00-00,,SERVICE REPRESENTATIVE 3,SR3,590140
3446,HELMIS,HILARY,A,1995-02-17 00-00-00,,SERVICE REPRESENTATIVE 1,SR1,501717
345,PADGUIS,BOBBY,A,1999-05-27 00-00-00,,SERVICE REPRESENTATIVE 3,SR3,501619
3453,REUIN,DEAN,A,1984-10-05 00-00-00,,SERVICE REPRESENTATIVE 3,SR3,701512
3466,KIMPIRT,RONALD,A,1998-06-25 00-00-00,,SERVICE REPRESENTATIVE 2,SR2,101313
3500,SALTOW,JIMMY,A,1995-06-12 00-00-00,,SERVICE REPRESENTATIVE 2,SR2,801607
3544,MANTEVANI,WAYNE,A,1998-07-27 00-00-00,,SERVICE REPRESENTATIVE 2,SR2,301619
3624,BENDS,GARY,A,1982-08-04 00-00-00,,TEAMLEAD 1,TL1,302301
3643,MANDIVALLE,RICHARD,A,1996-01-02 00-00-00,,SERVICE REPRESENTATIVE 2,SR2,102516
36431,DEMBREWSKI,ROBERT,A,1995-01-09 00-00-00,,SERVICE REPRESENTATIVE 3,SR3,101313
3652,SHIRA,DONALD,A,1996-02-05 00-00-00,,SERVICE REPRESENTATIVE 3,SR3,801211
3660,RATEJCZEK,DAVID,A,1982-12-15 00-00-00,,TEAMLEAD 2,TL2,701715
3662,CEMPBILL,JOHN,A,1995-12-04 00-00-00,,SERVICE REPRESENTATIVE 2,SR2,803717
4003,HIGDEHL,ERIC,A,1999-02-01 00-00-00,,SERVICE REPRESENTATIVE 2,SR2,501718
403,LEBBE,ADRIEN,A,1997-01-03 00-00-00,,SERVICE REPRESENTATIVE 2,SR2,940581
4032,PITIRSEN,RUSSELL,I,1999-02-08 00-00-00,2004-12-31 00-00-00,SERVICE REPRESENTATIVE 3,SR3,201709
4102,PISMAN,RODNEY,A,1997-08-04 00-00-00,,SERVICE REPRESENTATIVE 2,SR2,101419
4112,BIQSBY,BRUCE,A,1991-06-05 00-00-00,,SERVICE REPRESENTATIVE 2,SR2,803717
4136,WATTS,GREER,A,1979-10-22 00-00-00,,SERVICE REPRESENTATIVE 2,SR2,701309
4143,LICES,NORVEL,A,1999-06-07 00-00-00,,SERVICE REPRESENTATIVE 2,SR2,103516
4156,IVIRS,DAVID,A,1996-08-12 00-00-00,,SERVICE REPRESENTATIVE 3,SR3,201714
4160,SIVIRSE,RANDALL,A,1997-08-18 00-00-00,,TEAMLEAD 2,TL2,202600
41665,MANER,ANDREW,A,1993-12-21 00-00-00,,SERVICE REPRESENTATIVE 3,SR3,490260
42,BREWN,DONNA,I,1999-01-25 00-00-00,2000-02-25 00-00-00,SERVICE REPRESENTATIVE 3,SR3,490460
422,CHEBET,REJEAN,A,1997-06-19 00-00-00,,SERVICE REPRESENTATIVE 2,SR2,940381
4244,DEYLE,WILLIAM,A,1990-07-30 00-00-00,,SERVICE REPRESENTATIVE 3,SR3,910181
4246,WEMBELDT,STEVEN,A,1996-09-23 00-00-00,,SERVICE REPRESENTATIVE 2,SR2,806708
4254,IMBRIY,RONALD,A,1996-08-28 00-00-00,,TEAMLEAD 3,TL3,701715
42562,GERCAA,ANDREW,A,1992-11-11 00-00-00,,SERVICE REPRESENTATIVE 1,SR1,806708
42620,FLIICHIR,RONALD,A,1981-03-09 00-00-00,,SERVICE REPRESENTATIVE 3,SR3,103516
4263,BENNIR,AUDWIN,A,1988-06-14 00-00-00,,TEAMLEAD 1,TL1,201714
42633,TITIR,TIMOTHY,I,1984-08-03 00-00-00,2005-04-29 00-00-00,SERVICE REPRESENTATIVE 2,SR2,103516
4264,DITIRMAN,MICHAEL,A,1991-08-08 00-00-00,,SERVICE REPRESENTATIVE 2,SR2,701512
42652,FLIICHIR,RONALD,A,1991-07-22 00-00-00,,SERVICE REPRESENTATIVE 2,SR2,102516
4344,SANGIR,SHANNON,A,1999-04-15 00-00-00,,SERVICE REPRESENTATIVE 2,SR2,103516
4346,CIOSER,ANTHONY,A,1998-02-05 00-00-00,,SERVICE REPRESENTATIVE 2,SR2,501619
43461,NERMAN,VICTOR,A,1999-02-01 00-00-00,,SERVICE REPRESENTATIVE 3,SR3,401612
4353,HIFF,DAVID,A,1990-01-24 00-00-00,,SERVICE REPRESENTATIVE 3,SR3,301316
43635,MAYNER,RANDY,A,1994-08-15 00-00-00,,SERVICE REPRESENTATIVE 3,SR3,101313
4401,DIAST,KEVIN,A,1988-01-25 00-00-00,,SERVICE REPRESENTATIVE 2,SR2,701407
4405,GALLAIS,ALVIN,A,1995-01-30 00-00-00,,SERVICE REPRESENTATIVE 1,SR1,101313
4410,SCENCE,JEFF,A,1993-10-11 00-00-00,,TEAMLEAD 2,TL2,401612
4414,FEIQET,KENNETH,A,1997-08-05 00-00-00,,SERVICE REPRESENTATIVE 3,SR3,701512
4416,GRUINHEW,GARY,A,1991-02-28 00-00-00,,SERVICE REPRESENTATIVE 2,SR2,910181
44161,BREWN,RANDOLPH,A,1995-01-30 00-00-00,,SERVICE REPRESENTATIVE 3,SR3,804211
44244,GISAIRRIZ,JUAN,I,1996-09-09 00-00-00,2005-02-22 00-00-00,SERVICE REPRESENTATIVE 2,SR2,701309
4430,RACHERDSEN,KENNETH,A,1998-10-21 00-00-00,,SERVICE REPRESENTATIVE 2,SR2,201709
4432,BIOCH,RONALD,I,1996-07-29 00-00-00,2004-08-06 00-00-00,SERVICE REPRESENTATIVE 2,SR2,173901
4435,HELT,CHRISTOPHER,A,1997-08-20 00-00-00,,SERVICE REPRESENTATIVE 2,SR2,302301
44352,GERCAA,EDISON,A,2000-12-04 00-00-00,,SERVICE REPRESENTATIVE 2,SR2,806708
4436,SHEW,DONALD,I,1998-10-26 00-00-00,2004-07-16 00-00-00,SERVICE REPRESENTATIVE 2,SR2,701715
444,MIYIR,DAVID,A,1993-09-23 00-00-00,,TEAMLEAD 2,TL2,804211
4440,SLATIN,BYRON,A,1987-11-30 00-00-00,,SERVICE REPRESENTATIVE 3,SR3,801211
4441,WEMECK,DENNIS,A,1998-08-31 00-00-00,,SERVICE REPRESENTATIVE 2,SR2,101419
4442,TREISMAN,MARK,A,1991-01-15 00-00-00,,SERVICE REPRESENTATIVE 3,SR3,701309
4444,NILSEN,HARLEY,A,1998-09-14 00-00-00,,SERVICE REPRESENTATIVE 2,SR2,201714
4446,TALIY,JEFFREY,I,1996-04-25 00-00-00,2005-03-18 00-00-00,SERVICE REPRESENTATIVE 2,SR2,803717
445,BRADFERD,JAMES,A,1973-12-17 00-00-00,,SERVICE REPRESENTATIVE 2,SR2,601306
4455,PIDLANIR,GARY,A,1991-07-22 00-00-00,,SERVICE REPRESENTATIVE 3,SR3,701407
4456,SINDGRIN,LEE,A,1997-07-28 00-00-00,,SERVICE REPRESENTATIVE 2,SR2,201709
4465,ESTIR,ALAN,A,1998-10-12 00-00-00,,SERVICE REPRESENTATIVE 2,SR2,201709
44651,BLEAS,SYLVAIN,I,1991-03-18 00-00-00,2005-04-07 00-00-00,SERVICE REPRESENTATIVE 2,SR2,940581
4466,RIVIRA,JUSTINO,A,1998-08-05 00-00-00,,SERVICE REPRESENTATIVE 2,SR2,501717
45,VAN HUILE,KENNETH,A,1999-05-25 00-00-00,,SERVICE REPRESENTATIVE 2,SR2,490460
4502,LIWAS,JEREMIAH,A,1998-09-22 00-00-00,,SERVICE REPRESENTATIVE 3,SR3,501717
4505,BEALIY,CHRISTOPHER,A,1998-11-05 00-00-00,,SERVICE REPRESENTATIVE 2,SR2,208605
4521,MERTAN,TONY,A,1987-12-16 00-00-00,,SERVICE REPRESENTATIVE 2,SR2,701715
4531,MADASEN,JOHN,A,1999-02-18 00-00-00,,SERVICE REPRESENTATIVE 2,SR2,804211
4533,LANDSIY,STEVEN,A,1996-02-06 00-00-00,,SERVICE REPRESENTATIVE 3,SR3,301301
4544,SIMRILD,JAY,A,1995-03-13 00-00-00,,SERVICE REPRESENTATIVE 2,SR2,202600
4552,RIBLE,DAVID,A,1996-03-04 00-00-00,,TEAMLEAD 3,TL3,804211
4563,PINDIRGRESS,SAMUEL,A,1991-07-17 00-00-00,,SERVICE REPRESENTATIVE 3,SR3,701715
4564,VIRNEZA,DAVID,A,1999-03-01 00-00-00,,SERVICE REPRESENTATIVE 2,SR2,101313
45641,EIGILLO,NORMAN,A,1999-06-14 00-00-00,,SERVICE REPRESENTATIVE 2,SR2,802202
460,BLEAS,ALAIN,I,1993-07-16 00-00-00,2004-05-17 00-00-00,SERVICE REPRESENTATIVE 2,SR2,920681
4602,DALIO,MICHAEL,A,1996-03-13 00-00-00,,TEAMLEAD 3,TL3,801211
4603,MACHEILS,GREGORY,A,1991-07-17 00-00-00,,TEAMLEAD 3,TL3,803717
4606,KINDIVACH,MARK,A,1991-05-13 00-00-00,,TEAMLEAD 3,TL3,301316
4614,PUISY,JOHN,A,1999-05-10 00-00-00,,SERVICE REPRESENTATIVE 2,SR2,202714
46141,DAVAS,KENNETH,A,1988-11-07 00-00-00,,TEAMLEAD 1,TL1,202600
4616,PATTIRSEN,MARK,A,1998-10-26 00-00-00,,SERVICE REPRESENTATIVE 3,SR3,590140
4621,WALLAEMS,SHAUN,I,1999-06-07 00-00-00,2004-06-18 00-00-00,SERVICE REPRESENTATIVE 2,SR2,601306
4625,SIABIL,DENNIS,A,1999-06-21 00-00-00,,SERVICE REPRESENTATIVE 2,SR2,503405
4626,TRIFEILT,BRIAN,A,1997-03-17 00-00-00,,SERVICE REPRESENTATIVE 3,SR3,501718
4645,LATTLE,CHAD,I,1991-06-17 00-00-00,2004-05-10 00-00-00,SERVICE REPRESENTATIVE 3,SR3,301316
4646,GIY,RICHARD,A,1994-06-13 00-00-00,,SERVICE REPRESENTATIVE 2,SR2,701715
46461,CELE,KENNETH,A,1992-04-20 00-00-00,,SERVICE REPRESENTATIVE 3,SR3,301619
4652,HEEVIR,CARROLL,A,1997-09-08 00-00-00,,SERVICE REPRESENTATIVE 3,SR3,701708
4654,BEWMAN,DIRK,A,1989-03-27 00-00-00,,SERVICE REPRESENTATIVE 3,SR3,208605
4655,ELIORY,CARROLL,A,1989-05-01 00-00-00,,SERVICE REPRESENTATIVE 2,SR2,308118
4656,KESHIR,ROBERT,A,1991-06-21 00-00-00,,SERVICE REPRESENTATIVE 3,SR3,701715
466,GREBAIC,WALTER,I,1992-03-26 00-00-00,2004-10-08 00-00-00,SERVICE REPRESENTATIVE 3,SR3,920781
4662,WIBSTIR,MATTHEW,I,1992-03-23 00-00-00,2004-08-27 00-00-00,TEAMLEAD 3,TL3,401612
4663,CENNER,ARYLESS,A,1997-09-15 00-00-00,,SERVICE REPRESENTATIVE 3,SR3,601306
500,WALSEN,BRIAN,A,1997-04-21 00-00-00,,SERVICE REPRESENTATIVE 2,SR2,920781
502,HALL,TIMOTHY,A,1997-07-09 00-00-00,,SERVICE REPRESENTATIVE 3,SR3,102516
5030,WIST,PETER,A,1994-01-31 00-00-00,,SERVICE REPRESENTATIVE 2,SR2,910181
5036,SCETT,THOMAS,A,1993-04-06 00-00-00,,SERVICE REPRESENTATIVE 3,SR3,202714
5044,ALCERO,ROBERT,I,1998-12-07 00-00-00,2005-01-28 00-00-00,SERVICE REPRESENTATIVE 2,SR2,804211
5056,REGES,RONALD,A,1991-05-28 00-00-00,,TEAMLEAD 2,TL2,801211
5060,SLECIM,ROBERT,I,1997-04-28 00-00-00,2005-02-25 00-00-00,SERVICE REPRESENTATIVE 2,SR2,803717
51101,BRAYLECK,ORLANDA,A,1999-08-04 00-00-00,,SERVICE REPRESENTATIVE 2,SR2,801607
51105,DIDLIY,CHARLES,A,1999-08-16 00-00-00,,SERVICE REPRESENTATIVE 2,SR2,301301
51216,PERSENS,GREGORY,A,1999-09-13 00-00-00,,SERVICE REPRESENTATIVE 2,SR2,302301
51225,GERMAN,MATTHEW,A,1999-09-06 00-00-00,,SERVICE REPRESENTATIVE 3,SR3,601306
51345,HANDLE,EDWARD,I,1999-08-05 00-00-00,2004-06-28 00-00-00,SERVICE REPRESENTATIVE 2,SR2,202605
51356,FIRGIRSEN,RANDY,A,1999-09-07 00-00-00,,SERVICE REPRESENTATIVE 2,SR2,101313
51522,LICES,DUANE,I,1999-07-26 00-00-00,2005-04-21 00-00-00,SERVICE REPRESENTATIVE 2,SR2,490360
51540,BILL,DAVID,I,1999-07-12 00-00-00,2004-07-26 00-00-00,SERVICE REPRESENTATIVE 2,SR2,301316
51552,TEMKANS,TERRY,A,1999-10-18 00-00-00,,SERVICE REPRESENTATIVE 2,SR2,920781
51566,THEMES,TOMMIE,A,1999-07-27 00-00-00,,SERVICE REPRESENTATIVE 3,SR3,490260
51626,CHANDLIR,JAMES,A,1999-08-02 00-00-00,,SERVICE REPRESENTATIVE 2,SR2,501619
51631,CRIOMIR,TIMOTHY,A,1999-10-18 00-00-00,,SERVICE REPRESENTATIVE 2,SR2,301301
51634,CERNIY,TIMOTHY,A,1999-11-08 00-00-00,,SERVICE REPRESENTATIVE 2,SR2,201709
51645,RAGO,JORGE,A,1999-10-25 00-00-00,,SERVICE REPRESENTATIVE 3,SR3,702309
51661,CERRESCO,RICHARD,A,1999-10-25 00-00-00,,SERVICE REPRESENTATIVE 2,SR2,202600
51663,VIRDI,JOSEPH,I,1999-08-10 00-00-00,2004-02-23 00-00-00,SERVICE REPRESENTATIVE 2,SR2,301316
5201,WERTH,JOHN,I,1985-12-02 00-00-00,2004-04-02 00-00-00,SERVICE REPRESENTATIVE 2,SR2,501717
5205,PATZIR,PAUL,A,1998-02-25 00-00-00,,SERVICE REPRESENTATIVE 2,SR2,302301
52056,MERTANIZ,ALFREDO,A,1999-11-15 00-00-00,,SERVICE REPRESENTATIVE 2,SR2,803717
52162,CIQILO,STEVEN,A,2000-01-24 00-00-00,,SERVICE REPRESENTATIVE 3,SR3,201714
52233,JENIS,CASEY,A,2000-01-31 00-00-00,,SERVICE REPRESENTATIVE 2,SR2,601306
5224,HERVIY,HAROLD,A,1998-11-24 00-00-00,,SERVICE REPRESENTATIVE 1,SR1,503405
52311,SLAVIN,SHAWN,A,2000-01-31 00-00-00,,TEAMLEAD 3,TL3,802202
52361,BIHRINS,KURT,I,2000-02-10 00-00-00,2004-07-16 00-00-00,SERVICE REPRESENTATIVE 2,SR2,201605
52404,IDWERDS,MICHAEL,A,1999-11-19 00-00-00,,SERVICE REPRESENTATIVE 2,SR2,701717
52444,BLECKBIQN,CARL,I,1999-11-29 00-00-00,2004-08-13 00-00-00,SERVICE REPRESENTATIVE 2,SR2,202600
5246,GISAIRRIZ,RODOLFO,A,1996-05-22 00-00-00,,SERVICE REPRESENTATIVE 2,SR2,701717
5250,HALE,JEFFERY,A,1996-05-06 00-00-00,,SERVICE REPRESENTATIVE 3,SR3,308118
52506,CIVATILLA,FRANK,A,2000-03-13 00-00-00,,SERVICE REPRESENTATIVE 2,SR2,801211
52522,MEERE,RUSSELL,I,2000-02-28 00-00-00,2004-09-17 00-00-00,SERVICE REPRESENTATIVE 2,SR2,302301
52562,CYGANAK,GLENN,I,1999-12-06 00-00-00,2005-04-01 00-00-00,SERVICE REPRESENTATIVE 2,SR2,802202
52631,REDRAGITZ,MANUEL,A,1999-12-21 00-00-00,,SERVICE REPRESENTATIVE 1,SR1,702309
52635,SIN,THOEUNG,A,2000-03-13 00-00-00,,SERVICE REPRESENTATIVE 2,SR2,501717
52644,PIRIZ,REYMUNDO,I,1999-12-06 00-00-00,2005-04-22 00-00-00,SERVICE REPRESENTATIVE 2,SR2,803717
526440,ISHI,OREN,A,1999-01-25 00-00-00,,SERVICE REPRESENTATIVE 2,SR2,701715
52651,MATTEZERO,ANDREW,A,2000-03-27 00-00-00,,SERVICE REPRESENTATIVE 1,SR1,806708
52652,MIDANA,FRANK,A,2000-03-14 00-00-00,,SERVICE REPRESENTATIVE 2,SR2,701715
52660,KIDIR,CAROL,A,2000-03-20 00-00-00,,SERVICE REPRESENTATIVE 3,SR3,920781
52661,IQINICK,DEAN,I,1999-12-06 00-00-00,2004-11-09 00-00-00,SERVICE REPRESENTATIVE 2,SR2,201714
52665,UIQACH,JAMES,A,1999-12-20 00-00-00,,SERVICE REPRESENTATIVE 2,SR2,202714
53046,WISCETT,BRUCE,A,2000-03-27 00-00-00,,SERVICE REPRESENTATIVE 3,SR3,501718
53055,PEIO,ROBERT,I,2000-03-27 00-00-00,2004-03-19 00-00-00,SERVICE REPRESENTATIVE 2,SR2,202605
5310,FLIICHIR,BRIAN,A,1992-06-05 00-00-00,,TEAMLEAD 3,TL3,201717
53156,GEISHRO,JOSEPH,A,2000-06-08 00-00-00,,SERVICE REPRESENTATIVE 2,SR2,910181
53163,CLIMINTS,PATRICK,A,2000-05-30 00-00-00,,SERVICE REPRESENTATIVE 1,SR1,301316
53253,KLIAN,TODD,A,2000-06-19 00-00-00,,TEAMLEAD 2,TL2,702309
53366,HERDANG,DARRIN,I,2000-07-05 00-00-00,2004-11-05 00-00-00,SERVICE REPRESENTATIVE 3,SR3,501619
53414,ERTAEGA,EDGAR,A,2000-07-12 00-00-00,,SERVICE REPRESENTATIVE 2,SR2,806708
53440,REBIRTS,ADAMS,A,2000-07-03 00-00-00,,SERVICE REPRESENTATIVE 3,SR3,302301
53460,BEKKA,KENNETH,A,2000-04-17 00-00-00,,SERVICE REPRESENTATIVE 2,SR2,490260
53465,SAMS,JEFFERY,A,2000-07-24 00-00-00,,SERVICE REPRESENTATIVE 2,SR2,301619
53466,ILLAS,BRIAN,A,2000-04-17 00-00-00,,TEAMLEAD 3,TL3,301316
5351,ZAECEMA,MICHAEL,A,1998-03-16 00-00-00,,SERVICE REPRESENTATIVE 2,SR2,301316
5356,STIGALL,DAVID,I,1998-11-30 00-00-00,2004-11-12 00-00-00,SERVICE REPRESENTATIVE 2,SR2,806708
53564,BREWN,MARK,A,2000-05-09 00-00-00,,SERVICE REPRESENTATIVE 3,SR3,601310
53634,SASKO,EDWARD,A,2000-05-19 00-00-00,,SERVICE REPRESENTATIVE 3,SR3,701309
53646,LICADO,FRANK,A,2000-05-22 00-00-00,,SERVICE REPRESENTATIVE 2,SR2,503405
5366,BRAGHT,THOMAS,A,1998-12-03 00-00-00,,SERVICE REPRESENTATIVE 3,SR3,173901
53666,VIRATY,KARL,A,2000-08-14 00-00-00,,TEAMLEAD 2,TL2,590140
540,MIZA,MARK,A,1991-07-29 00-00-00,,SERVICE REPRESENTATIVE 3,SR3,806708
54046,HERPIR,JAMES,A,2000-08-28 00-00-00,,SERVICE REPRESENTATIVE 2,SR2,301505
54061,BLANTEN,JOHN,A,2000-08-30 00-00-00,,TEAMLEAD 3,TL3,490260
54065,LANDRY JR,WALLACE,I,2000-09-05 00-00-00,2002-09-06 00-00-00,SERVICE REPRESENTATIVE 2,SR2,490460
5410,BREWN,MICHAEL,A,1993-12-16 00-00-00,,SERVICE REPRESENTATIVE 3,SR3,101313
5412,CELLAIR,MARK,A,1998-11-09 00-00-00,,SERVICE REPRESENTATIVE 2,SR2,490360
5414,LIWAS,DWAYNE,A,1994-05-09 00-00-00,,TEAMLEAD 2,TL2,101313
54162,TREMMILL,MICHAEL,A,2000-10-23 00-00-00,,TEAMLEAD 2,TL2,602310
54235,PIORSEN,HEYWARD,A,2000-10-30 00-00-00,,SERVICE REPRESENTATIVE 2,SR2,601306
5424,CENNIR,RANDY,A,1991-09-02 00-00-00,,SERVICE REPRESENTATIVE 3,SR3,301301
54253,BILGRAVE,NOEL,A,2000-10-30 00-00-00,,SERVICE REPRESENTATIVE 2,SR2,806211
54263,WINTLAND,ROBERT,A,2000-10-30 00-00-00,,SERVICE REPRESENTATIVE 2,SR2,701715
5434,STANLIY,JAMASON,A,1997-09-29 00-00-00,,SERVICE REPRESENTATIVE 2,SR2,701512
54340,GIORGE,JOSEPH,I,2000-11-08 00-00-00,2004-10-05 00-00-00,TEAMLEAD 3,TL3,601310
54350,CEWDIN,ERIC,A,2000-10-30 00-00-00,,SERVICE REPRESENTATIVE 2,SR2,201717
5436,MENTGEMIRY,DEVIN,A,1992-09-29 00-00-00,,SERVICE REPRESENTATIVE 3,SR3,201717
5442,CRIOI,FRANK,A,1996-04-15 00-00-00,,TEAMLEAD 2,TL2,701309
54424,MCGIE,BRENTON,A,2000-09-11 00-00-00,,SERVICE REPRESENTATIVE 2,SR2,301301
54430,CILAAN JR,NICHOLAS,A,1979-11-04 00-00-00,,TEAMLEAD 1,TL1,803717
54442,SEREILT,LUC,I,2000-11-27 00-00-00,2004-10-29 00-00-00,SERVICE REPRESENTATIVE 2,SR2,920781
5445,NISSLIR,ROBERT,A,1994-05-24 00-00-00,,SERVICE REPRESENTATIVE 2,SR2,201605
54450,GRANGIR,DAVID,I,2000-12-06 00-00-00,2004-10-15 00-00-00,SERVICE REPRESENTATIVE 2,SR2,201714
54451,VESQITZ,JESUS,A,1998-12-14 00-00-00,,SERVICE REPRESENTATIVE 2,SR2,701715
54462,SANDSTREM,LARRY,A,2000-09-06 00-00-00,,SERVICE REPRESENTATIVE 1,SR1,101313
54506,WALTIRS,DANN,A,2000-08-28 00-00-00,,SERVICE REPRESENTATIVE 2,SR2,803717
5451,REIDEBIRH,BRAD,I,1994-05-26 00-00-00,2004-11-17 00-00-00,SERVICE REPRESENTATIVE 2,SR2,701512
54514,REDRAGITZ,REYES,A,2000-09-21 00-00-00,,SERVICE REPRESENTATIVE 1,SR1,301316
54540,SHAILDS,ROGER,A,2000-09-18 00-00-00,,SERVICE REPRESENTATIVE 2,SR2,601716
54554,HERVIY,BRIAN,A,2000-09-25 00-00-00,,SERVICE REPRESENTATIVE 2,SR2,201714
54556,GRAMLAE,TERRY,A,2000-12-18 00-00-00,,SERVICE REPRESENTATIVE 3,SR3,305118
5456,SALCIDO,FRANCISCO,A,1997-05-05 00-00-00,,SERVICE REPRESENTATIVE 2,SR2,201717
54564,HICKLIBIRRY,JERRY,A,2000-09-25 00-00-00,,SERVICE REPRESENTATIVE 2,SR2,401612
54601,CADEM,CHRISTOPHER,A,2000-10-02 00-00-00,,SERVICE REPRESENTATIVE 2,SR2,501717
5461,KALLAO,LEE,I,1991-12-05 00-00-00,2004-02-25 00-00-00,SERVICE REPRESENTATIVE 2,SR2,301619
54621,WIBIR,FRANCIS,A,2000-10-09 00-00-00,,SERVICE REPRESENTATIVE 2,SR2,804211
54630,DAVAS,JOSEPH,A,2001-01-07 00-00-00,,SERVICE REPRESENTATIVE 2,SR2,804211
54635,SHAMKO,MICHAEL,A,2001-01-08 00-00-00,,SERVICE REPRESENTATIVE 2,SR2,503405
54643,RALIY,SHAUN,A,2001-01-02 00-00-00,,SERVICE REPRESENTATIVE 3,SR3,301316
54646,BECHMAN,JOHN,A,2000-10-16 00-00-00,,SERVICE REPRESENTATIVE 2,SR2,201714
5465,PANICCAO,RAY,A,1987-11-16 00-00-00,,SERVICE REPRESENTATIVE 3,SR3,201714
54651,VANCINT,SCOTT,A,1987-04-08 00-00-00,,SERVICE REPRESENTATIVE 2,SR2,501619
54654,RACHMAN,MARK,A,2001-01-02 00-00-00,,SERVICE REPRESENTATIVE 2,SR2,701309
5466,DILANIY,CRAIG,I,1993-03-29 00-00-00,2005-02-25 00-00-00,SERVICE REPRESENTATIVE 3,SR3,590140
54661,PECKIR,SCOTT,A,2000-10-09 00-00-00,,SERVICE REPRESENTATIVE 2,SR2,701708
54662,MERCHANT,BRIAN,A,2000-10-16 00-00-00,,SERVICE REPRESENTATIVE 2,SR2,402705
54665,VEIGHN,BRYAN,A,2001-01-01 00-00-00,,SERVICE REPRESENTATIVE 3,SR3,201717
55013,GAY,ROBERT,I,2001-01-08 00-00-00,2004-06-11 00-00-00,SERVICE REPRESENTATIVE 2,SR2,602310
55015,SALVA,FRANK,A,2001-01-21 00-00-00,,SERVICE REPRESENTATIVE 2,SR2,201717
55031,BILANGIR,CRAIG,A,2001-01-22 00-00-00,,SERVICE REPRESENTATIVE 3,SR3,920681
5505,RIAD,ULYSSES,A,1993-03-22 00-00-00,,SERVICE REPRESENTATIVE 2,SR2,806211
55051,SELINSKY,JAMES,A,1983-07-12 00-00-00,,SERVICE REPRESENTATIVE 3,SR3,701407
55065,PANKIR,JOSHUA,I,2001-01-22 00-00-00,2004-10-01 00-00-00,SERVICE REPRESENTATIVE 2,SR2,103516
55115,REWE,JEFFREY,A,2001-02-26 00-00-00,,TEAMLEAD 3,TL3,101313
55135,GENZALIZ,OSCAR,I,2001-03-14 00-00-00,2004-09-01 00-00-00,SERVICE REPRESENTATIVE 2,SR2,702309
55144,BEQIAAL,ROGER,A,2001-03-19 00-00-00,,SERVICE REPRESENTATIVE 2,SR2,501717
5516,CALAINDO,MARK,A,1985-10-23 00-00-00,,SERVICE REPRESENTATIVE 3,SR3,201714
5520,HALLAERD,CRAIG,I,1994-01-31 00-00-00,2004-07-07 00-00-00,SERVICE REPRESENTATIVE 3,SR3,503405
55223,NERETSKY,EUGENE,A,2001-03-26 00-00-00,,SERVICE REPRESENTATIVE 2,SR2,701512
55244,LERSIN,JOEL,I,2001-03-25 00-00-00,2004-09-10 00-00-00,SERVICE REPRESENTATIVE 2,SR2,601716
5530,GOFFNIY,BRIAN,A,1992-09-16 00-00-00,,SERVICE REPRESENTATIVE 2,SR2,920781
55324,BECKMAN,ADRIAN,A,2001-04-09 00-00-00,,SERVICE REPRESENTATIVE 2,SR2,173901
55332,DIRESE,JON,I,2001-04-15 00-00-00,2004-01-22 00-00-00,SERVICE REPRESENTATIVE 2,SR2,601716
55401,WEMECK,ALFRED,A,2001-04-30 00-00-00,,SERVICE REPRESENTATIVE 2,SR2,806211
55406,HERRAS,TERRANCE,I,2001-02-05 00-00-00,2004-04-20 00-00-00,SERVICE REPRESENTATIVE 2,SR2,804211
55444,SNYDIR,JOHN,A,2001-02-04 00-00-00,,SERVICE REPRESENTATIVE 2,SR2,201717
55445,SMATH,DANNY,A,2001-05-02 00-00-00,,SERVICE REPRESENTATIVE 2,SR2,490260
55461,MERQITZ,PAUL,A,2001-01-21 00-00-00,,TEAMLEAD 3,TL3,701715
55464,ASHEM,CHRIS,A,2001-05-07 00-00-00,,SERVICE REPRESENTATIVE 2,SR2,490360
55506,KANG,JAMES,A,2001-02-05 00-00-00,,SERVICE REPRESENTATIVE 1,SR1,701717
5551,MEIRIIH,KEITH,I,1997-03-17 00-00-00,2005-02-02 00-00-00,SERVICE REPRESENTATIVE 2,SR2,305118
55520,HANSIN,RODNEY,I,2001-02-02 00-00-00,2004-06-30 00-00-00,SERVICE REPRESENTATIVE 2,SR2,701512
55523,ZIKEWATZ,JOHN,A,2001-02-09 00-00-00,,SERVICE REPRESENTATIVE 3,SR3,804211
55545,PITIRSEN,KEVIN,I,2001-02-12 00-00-00,2004-05-10 00-00-00,SERVICE REPRESENTATIVE 2,SR2,601716
55553,HERNADAY,WILLIAM,I,2001-05-07 00-00-00,2004-05-14 00-00-00,SERVICE REPRESENTATIVE 2,SR2,602310
55601,VEAR,TIMOTHY,A,2001-02-19 00-00-00,,SERVICE REPRESENTATIVE 2,SR2,301606
55610,HERDY,ROBERT,A,2001-05-29 00-00-00,,SERVICE REPRESENTATIVE 1,SR1,101313
55621,WALTIRS,DANA,A,2001-06-04 00-00-00,,SERVICE REPRESENTATIVE 2,SR2,701715
55662,WHATILIY,DOUGLAS,A,2001-02-26 00-00-00,,SERVICE REPRESENTATIVE 2,SR2,401612
55665,NACHELIS,HAROLD,I,2001-05-21 00-00-00,2004-06-18 00-00-00,SERVICE REPRESENTATIVE 2,SR2,301619
5601,WHATFAILD,MICHAEL,A,1997-10-15 00-00-00,,SERVICE REPRESENTATIVE 2,SR2,802202
56054,PIRIZ,CARLOS,A,2001-06-13 00-00-00,,SERVICE REPRESENTATIVE 2,SR2,701715
56056,CESTINIDA,BRIAN,A,2001-06-25 00-00-00,,SERVICE REPRESENTATIVE 3,SR3,806708
5606,FERRILL,WILLIAM,I,1997-04-07 00-00-00,2004-08-06 00-00-00,SERVICE REPRESENTATIVE 3,SR3,301316
56061,MINDIZ,LAZARO,I,2001-06-25 00-00-00,2005-03-25 00-00-00,SERVICE REPRESENTATIVE 2,SR2,702309
56064,VALLA,THOMAS,A,2001-06-13 00-00-00,,SERVICE REPRESENTATIVE 2,SR2,701715
56102,WANEGREDZKI,JOSEPH,A,2001-08-27 00-00-00,,SERVICE REPRESENTATIVE 2,SR2,701407
56125,MATCHILL,MICHAEL,I,2001-09-10 00-00-00,2005-04-01 00-00-00,TEAMLEAD 3,TL3,503405
56141,MERALIS,GABRIEL,I,2001-08-20 00-00-00,2005-01-28 00-00-00,SERVICE REPRESENTATIVE 2,SR2,701715
56146,IALANDIR,SCOTT,A,2001-09-09 00-00-00,,SERVICE REPRESENTATIVE 2,SR2,301505
56153,FASHIR,MICHAEL,I,2001-09-04 00-00-00,2004-05-24 00-00-00,SERVICE REPRESENTATIVE 2,SR2,701717
56155,SHUILIY,RALPH,A,2001-08-27 00-00-00,,SERVICE REPRESENTATIVE 2,SR2,202605
5620,LIDY,GERALD,A,1988-07-11 00-00-00,,TEAMLEAD 1,TL1,602310
5621,GENZALIZ,EDWARDO,I,1999-05-11 00-00-00,2004-11-05 00-00-00,SERVICE REPRESENTATIVE 2,SR2,806211
56263,HIWATT,CHRISTOPHER,A,2001-09-09 00-00-00,,SERVICE REPRESENTATIVE 2,SR2,601716
563,MESEN,JAMES,A,1973-09-24 00-00-00,,SERVICE REPRESENTATIVE 3,SR3,208605
56340,HANKSEN,COLE,I,2001-09-27 00-00-00,2004-05-24 00-00-00,SERVICE REPRESENTATIVE 2,SR2,202605
56352,WAGGANS,MACK,A,2001-10-08 00-00-00,,SERVICE REPRESENTATIVE 2,SR2,301316
564,PEARAIR,JOEL,A,1998-03-02 00-00-00,,SERVICE REPRESENTATIVE 3,SR3,920781
56405,BICKIR,WILLIAM,A,2001-07-02 00-00-00,,SERVICE REPRESENTATIVE 2,SR2,701407
56414,WALSH,MICHAEL,A,2001-07-02 00-00-00,,SERVICE REPRESENTATIVE 2,SR2,804211
56416,MESHBIQN,BRYAN,A,2001-07-03 00-00-00,,SERVICE REPRESENTATIVE 1,SR1,101313
56422,MCCILLEIGH,JEFFREY,A,2001-07-05 00-00-00,,SERVICE REPRESENTATIVE 2,SR2,601306
56424,LATHEM,GK,A,2001-11-12 00-00-00,,SERVICE REPRESENTATIVE 2,SR2,301505
56454,WALLAEMS,HOWARD,A,2001-10-19 00-00-00,,SERVICE REPRESENTATIVE 2,SR2,501619
56464,CEBB,JOHN,A,2001-10-28 00-00-00,,TEAMLEAD 3,TL3,601306
56510,VALAANES,SCOTT,A,2001-12-03 00-00-00,,SERVICE REPRESENTATIVE 3,SR3,701717
56525,CHIQCH,BRETT,A,2001-07-23 00-00-00,,SERVICE REPRESENTATIVE 2,SR2,590140
56546,VALINZUILA,FRANCISCO,A,2001-07-23 00-00-00,,SERVICE REPRESENTATIVE 2,SR2,806708
56563,SMATH,CHRISTOPHER,A,2001-12-14 00-00-00,,SERVICE REPRESENTATIVE 2,SR2,701717
5662,THERNTEN,NOEL,A,1983-01-10 00-00-00,,SERVICE REPRESENTATIVE 2,SR2,301316
56640,FAGUIREA,JOE,A,2001-12-17 00-00-00,,SERVICE REPRESENTATIVE 3,SR3,201717
56651,JEHNSEN,THOMAS,A,2002-02-05 00-00-00,,SERVICE REPRESENTATIVE 1,SR1,701309
56654,BLECK,DAAMON,A,2001-09-04 00-00-00,,SERVICE REPRESENTATIVE 2,SR2,701715
60003,LEZZER,RICHIE,A,2002-02-11 00-00-00,,SERVICE REPRESENTATIVE 2,SR2,201717
60034,CERDWILL,TIMOTHY,A,2002-03-11 00-00-00,,SERVICE REPRESENTATIVE 2,SR2,302301
60066,BEIQGIRIT,ROBERT,I,2002-03-18 00-00-00,2004-04-23 00-00-00,SERVICE REPRESENTATIVE 2,SR2,103516
60106,WISTBROEK,MICKEY,A,2002-06-20 00-00-00,,SERVICE REPRESENTATIVE 3,SR3,503405
60124,BILL,GERARD,A,2002-07-08 00-00-00,,SERVICE REPRESENTATIVE 2,SR2,202714
6013,BRANNEN,EDWARD,A,1995-07-10 00-00-00,,SERVICE REPRESENTATIVE 3,SR3,202600
60136,RUIS,JOHN,A,2002-07-07 00-00-00,,SERVICE REPRESENTATIVE 3,SR3,601716
60150,GEIDIT,STEPHANE,A,2002-06-17 00-00-00,,SERVICE REPRESENTATIVE 2,SR2,940381
60166,MERTAN,KEVIN,A,2002-06-24 00-00-00,,SERVICE REPRESENTATIVE 3,SR3,806211
60211,FEWLIR,ROBERT,I,2002-07-29 00-00-00,2004-03-30 00-00-00,SERVICE REPRESENTATIVE 2,SR2,701715
60214,MERTANIZ,YUNIER,A,2002-07-26 00-00-00,,SERVICE REPRESENTATIVE 2,SR2,702309
60224,HERVIY,SHALAN,A,2002-07-19 00-00-00,,SERVICE REPRESENTATIVE 2,SR2,401612
60226,RAEIX,ALAIN,A,2002-08-05 00-00-00,,SERVICE REPRESENTATIVE 2,SR2,940381
60241,BEYD,MICHAEL,I,2002-07-29 00-00-00,2004-11-05 00-00-00,SERVICE REPRESENTATIVE 3,SR3,602310
60256,NIVIR,CHARLES,A,2002-07-29 00-00-00,,SERVICE REPRESENTATIVE 2,SR2,101419
6032,TREY,GREGORY,A,1994-01-28 00-00-00,,SERVICE REPRESENTATIVE 2,SR2,804211
60335,RESS,DANIEL,A,2002-09-16 00-00-00,,SERVICE REPRESENTATIVE 2,SR2,803717
60343,IRACKSEN,DWANE,A,2002-08-22 00-00-00,,SERVICE REPRESENTATIVE 2,SR2,305118
6036,HERVIY,MICHAEL,I,1983-09-15 00-00-00,2005-01-14 00-00-00,SERVICE REPRESENTATIVE 3,SR3,590140
60364,BLANCO,ANTONIO,A,2002-09-03 00-00-00,,SERVICE REPRESENTATIVE 2,SR2,202600
60405,KIORNIY,MICHAEL,A,2002-09-15 00-00-00,,SERVICE REPRESENTATIVE 3,SR3,173901
60415,STIPHINSEN,CHRISTOPHER,A,2002-04-01 00-00-00,,SERVICE REPRESENTATIVE 2,SR2,501619
60423,BIQKE,THOMAS,I,2002-04-03 00-00-00,2005-04-22 00-00-00,SERVICE REPRESENTATIVE 3,SR3,801211
60424,REBALLERD,MICHAEL,A,2002-04-01 00-00-00,,SERVICE REPRESENTATIVE 2,SR2,701715
60425,PHALLAPS,JAMES,A,2002-10-08 00-00-00,,SERVICE REPRESENTATIVE 2,SR2,301316
60435,EGREMENTE,CHRISTOPHER,A,2002-04-08 00-00-00,,SERVICE REPRESENTATIVE 2,SR2,501718
60436,CERTIR,JEFFREY,I,2002-10-11 00-00-00,2005-02-25 00-00-00,SERVICE REPRESENTATIVE 2,SR2,401612
60441,LIE,MICHAEL,I,2002-03-25 00-00-00,2004-05-21 00-00-00,SERVICE REPRESENTATIVE 2,SR2,503405
60444,FALAATREILT,ALAIN,A,2002-09-23 00-00-00,,SERVICE REPRESENTATIVE 2,SR2,940381
60445,PHILPS,KERRY,A,2002-03-04 00-00-00,,SERVICE REPRESENTATIVE 2,SR2,490260
60461,HIDSEN,KENNETH,A,2002-10-28 00-00-00,,TEAMLEAD 1,TL1,601310
60462,GERRA,RICHARD,A,2002-09-25 00-00-00,,SERVICE REPRESENTATIVE 2,SR2,806211
60501,KINNILLY,CORRY,A,2002-04-01 00-00-00,,SERVICE REPRESENTATIVE 2,SR2,920681
60502,NINIZ,ELADIO,I,2002-11-04 00-00-00,2005-04-14 00-00-00,SERVICE REPRESENTATIVE 2,SR2,501717
60526,MESS,MERRILL,I,2002-05-06 00-00-00,2004-08-04 00-00-00,SERVICE REPRESENTATIVE 2,SR2,301316
60534,SANTANNA,EDGAR,A,2002-11-18 00-00-00,,SERVICE REPRESENTATIVE 2,SR2,701715
60535,LLEYD,ETHAN,A,2002-04-24 00-00-00,,SERVICE REPRESENTATIVE 2,SR2,601716
60540,SPERKS,STEVEN,A,2002-05-13 00-00-00,,SERVICE REPRESENTATIVE 1,SR1,202714
60546,MALLIR,RUSSELL,A,2002-05-20 00-00-00,,SERVICE REPRESENTATIVE 3,SR3,701715
60552,VESQITZ,CARLOS,I,2002-04-21 00-00-00,2004-01-30 00-00-00,SERVICE REPRESENTATIVE 2,SR2,701309
60554,THEMPSEN,MICHAEL,I,2002-05-06 00-00-00,2004-04-15 00-00-00,SERVICE REPRESENTATIVE 2,SR2,490260
60555,IIBANKS,SHAMON,I,2002-11-18 00-00-00,2004-06-09 00-00-00,SERVICE REPRESENTATIVE 2,SR2,101313
60563,PALLESKE,JAMES,I,2002-05-06 00-00-00,2004-10-15 00-00-00,SERVICE REPRESENTATIVE 3,SR3,803717
60611,FIRRERA,RUEL,A,2002-12-04 00-00-00,,SERVICE REPRESENTATIVE 1,SR1,201714
6062,GALLANT,SERGE,A,1995-11-13 00-00-00,,SERVICE REPRESENTATIVE 2,SR2,940581
60621,ADEMO,DANIEL,I,2002-06-03 00-00-00,2005-02-22 00-00-00,SERVICE REPRESENTATIVE 2,SR2,201717
60625,JATEN,ERIC,I,2002-06-10 00-00-00,2004-08-20 00-00-00,SERVICE REPRESENTATIVE 2,SR2,201709
60630,HILTCIL,TOMMY,A,2002-12-09 00-00-00,,SERVICE REPRESENTATIVE 3,SR3,301619
60631,ALLIN,RONALD,I,2002-06-03 00-00-00,2004-09-01 00-00-00,SERVICE REPRESENTATIVE 3,SR3,301505
6064,STANSEN,DANIEL,A,1995-07-10 00-00-00,,SERVICE REPRESENTATIVE 2,SR2,701407
60640,LIABINGISH,MATTHEW,A,2002-12-16 00-00-00,,SERVICE REPRESENTATIVE 2,SR2,101419
60644,DEGIE,KEVIN,I,2002-12-02 00-00-00,2004-04-23 00-00-00,SERVICE REPRESENTATIVE 2,SR2,302301
60646,DEANE,JERREL,A,2002-12-02 00-00-00,,SERVICE REPRESENTATIVE 2,SR2,803717
60651,LIZZA,VINCENT,I,2002-11-25 00-00-00,2005-02-26 00-00-00,SERVICE REPRESENTATIVE 3,SR3,701309
60656,SHIRADAN,PAUL,A,2002-12-02 00-00-00,,TEAMLEAD 2,TL2,602310
614,CHAVIZ,JOSE,I,1999-04-26 00-00-00,2004-10-08 00-00-00,SERVICE REPRESENTATIVE 2,SR2,806708
6145,MYIRS,RALPH,A,1985-05-13 00-00-00,,SERVICE REPRESENTATIVE 3,SR3,490460
6146,BEWMAN,WILLIAM,A,1985-05-06 00-00-00,,SERVICE REPRESENTATIVE 2,SR2,701407
61461,TREMMILL,RICHARD,A,1996-05-20 00-00-00,,SERVICE REPRESENTATIVE 3,SR3,302301
6213,PLATT,JASON,I,1997-11-11 00-00-00,2004-11-29 00-00-00,SERVICE REPRESENTATIVE 3,SR3,201714
6245,ALDIRTEN,RICHARD,I,1978-07-19 00-00-00,2004-05-21 00-00-00,SERVICE REPRESENTATIVE 2,SR2,590140
6252,DEGIE,JEFFREY,A,1998-04-13 00-00-00,,SERVICE REPRESENTATIVE 3,SR3,302301
6256,DEST,RICHARD,A,1996-06-24 00-00-00,,SERVICE REPRESENTATIVE 3,SR3,701512
6302,KANE,GREGORY,A,1984-01-09 00-00-00,,TEAMLEAD 1,TL1,503405
6304,HIMPIL,STEVEN,A,1993-08-02 00-00-00,,SERVICE REPRESENTATIVE 2,SR2,701512
6341,VANCINT,PAUL,I,1999-01-04 00-00-00,2004-03-12 00-00-00,SERVICE REPRESENTATIVE 2,SR2,503405
6366,ABERRA,CHRISTOPHER,A,1993-08-09 00-00-00,,SERVICE REPRESENTATIVE 2,SR2,702309
64006,HALL,MICHAEL,A,2002-12-26 00-00-00,,SERVICE REPRESENTATIVE 2,SR2,201605
64020,SWANGIR,ADAM,A,2002-12-30 00-00-00,,SERVICE REPRESENTATIVE 2,SR2,601306
64025,IRACKSEN,WAYNE,A,2002-12-30 00-00-00,,SERVICE REPRESENTATIVE 2,SR2,202605
64033,MERSHALL,GARY,A,2002-12-30 00-00-00,,TEAMLEAD 3,TL3,202605
64040,PANA,DANIEL,A,2002-12-30 00-00-00,,SERVICE REPRESENTATIVE 1,SR1,701717
64044,FRANCAS,DOMINIQUE,A,2003-01-06 00-00-00,,SERVICE REPRESENTATIVE 2,SR2,701309
64064,ADEMS,KYLE,A,2003-01-13 00-00-00,,SERVICE REPRESENTATIVE 2,SR2,308118
64100,CELIS,BRYAN,A,2003-04-28 00-00-00,,SERVICE REPRESENTATIVE 2,SR2,802202
64105,VANBIRKARK AII,WARREN,I,2003-04-28 00-00-00,2004-12-10 00-00-00,SERVICE REPRESENTATIVE 2,SR2,803717
64120,QITZADA,SALVADOR,A,2003-06-01 00-00-00,,SERVICE REPRESENTATIVE 2,SR2,501717
64132,GERTEN,SHAWN,I,2003-06-04 00-00-00,2004-10-11 00-00-00,SERVICE REPRESENTATIVE 2,SR2,202605
64213,PHALLAPS,SEAN,I,2003-07-14 00-00-00,2004-06-25 00-00-00,SERVICE REPRESENTATIVE 2,SR2,202605
64216,ILLAS,CLYDE,I,2003-07-14 00-00-00,2004-11-15 00-00-00,SERVICE REPRESENTATIVE 2,SR2,301606
64242,MCFIRRAN,BILLY,A,2003-06-30 00-00-00,,SERVICE REPRESENTATIVE 2,SR2,301606
64243,LENG,JAMES,I,2003-07-29 00-00-00,2004-09-20 00-00-00,SERVICE REPRESENTATIVE 3,SR3,103516
64244,MCCRIORY,GREGORY,I,2003-06-27 00-00-00,2004-08-27 00-00-00,SERVICE REPRESENTATIVE 3,SR3,490360
64246,ESERAO,DARIO,I,2003-07-18 00-00-00,2004-04-05 00-00-00,SERVICE REPRESENTATIVE 2,SR2,701309
64265,SMATH,GEOFFREY,I,2003-07-07 00-00-00,2004-08-20 00-00-00,SERVICE REPRESENTATIVE 3,SR3,490260
64402,ANDIRSEN,DORAN,I,2003-07-14 00-00-00,2005-03-22 00-00-00,SERVICE REPRESENTATIVE 2,SR2,701708
6442,KIASACK,JOSEPH,A,1992-06-08 00-00-00,,SERVICE REPRESENTATIVE 2,SR2,701407
6444,ERTAZ,MARTIN,A,1997-06-16 00-00-00,,SERVICE REPRESENTATIVE 2,SR2,201714
64440,KANG,BENJAMIN,I,2003-02-10 00-00-00,2004-03-05 00-00-00,SERVICE REPRESENTATIVE 2,SR2,308118
64446,HANKIS,OREN,I,2003-07-29 00-00-00,2004-04-02 00-00-00,SERVICE REPRESENTATIVE 3,SR3,301619
6446,LANDIR,EARL,A,1989-04-10 00-00-00,,SERVICE REPRESENTATIVE 3,SR3,173901
64462,CETE,REMI,A,2003-01-27 00-00-00,,SERVICE REPRESENTATIVE 3,SR3,920681
64521,JECKSEN,RICHARD,I,2003-03-03 00-00-00,2004-02-20 00-00-00,SERVICE REPRESENTATIVE 3,SR3,490260
64541,BERNIM,SUSAN,I,2003-03-17 00-00-00,2004-02-27 00-00-00,SERVICE REPRESENTATIVE 3,SR3,701717
6456,BIADLE,JOHN,A,1999-01-25 00-00-00,,SERVICE REPRESENTATIVE 2,SR2,503405
64564,ATKANS,TERRY,A,2003-03-17 00-00-00,,SERVICE REPRESENTATIVE 2,SR2,590140
64565,MILLIN,KENNETH,A,2003-03-24 00-00-00,,TEAMLEAD 2,TL2,601306
64566,GENZALIS,MICHAEL,A,2003-02-24 00-00-00,,SERVICE REPRESENTATIVE 1,SR1,202605
646,ZANGIR,JACK,A,1997-06-30 00-00-00,,SERVICE REPRESENTATIVE 2,SR2,503405
64610,THABEILT,GILLES,I,2003-04-07 00-00-00,2004-05-07 00-00-00,SERVICE REPRESENTATIVE 2,SR2,920681
6462,BIQGISS,ALAN,A,1999-01-22 00-00-00,,SERVICE REPRESENTATIVE 2,SR2,802202
64621,HIRNANDIZ,EDUARDO,A,1988-08-02 00-00-00,,SERVICE REPRESENTATIVE 2,SR2,701715
64622,PERKIR,KIRBY,I,2003-04-07 00-00-00,2004-04-30 00-00-00,SERVICE REPRESENTATIVE 2,SR2,202605
64624,SPIID,JEFFERY,A,2003-04-14 00-00-00,,SERVICE REPRESENTATIVE 2,SR2,804211
64633,WEEDS,KENNETH,I,2003-04-21 00-00-00,2004-10-01 00-00-00,SERVICE REPRESENTATIVE 3,SR3,501717
64634,MIQPHY,STEVEN,A,2003-04-14 00-00-00,,SERVICE REPRESENTATIVE 3,SR3,501619
64641,MERTANIZ,LUIS,I,2003-03-14 00-00-00,2004-01-21 00-00-00,SERVICE REPRESENTATIVE 2,SR2,202714
6465,CELLAGAN,THOMAS,I,1997-11-17 00-00-00,2005-02-25 00-00-00,TEAMLEAD 1,TL1,801211
64652,KNEWLIS,TROY,I,2003-04-01 00-00-00,2004-06-10 00-00-00,SERVICE REPRESENTATIVE 2,SR2,701715
64654,BERIN,WILLIAM,I,2003-03-24 00-00-00,2004-02-16 00-00-00,SERVICE REPRESENTATIVE 2,SR2,490460
6504,JEHNSEN,MICHAEL,A,1994-02-21 00-00-00,,SERVICE REPRESENTATIVE 2,SR2,801211
6510,FERSILL,ROBERT,A,1991-03-25 00-00-00,,SERVICE REPRESENTATIVE 2,SR2,402705
6531,WHIADEN,GREGORY,A,1997-05-14 00-00-00,,SERVICE REPRESENTATIVE 3,SR3,103516
6544,BIRTREM,KURT,A,1994-01-31 00-00-00,,SERVICE REPRESENTATIVE 2,SR2,301316
65441,RAES,RAYMOND,A,1996-11-04 00-00-00,,TEAMLEAD 2,TL2,490460
6552,GERRUIS,ROBERT,I,1997-11-17 00-00-00,2004-09-10 00-00-00,SERVICE REPRESENTATIVE 2,SR2,302301
6553,PIRIZ,TIM,I,1985-06-27 00-00-00,2005-01-04 00-00-00,SERVICE REPRESENTATIVE 3,SR3,701715
6566,KRIZILL,ADAM,A,1996-05-24 00-00-00,,SERVICE REPRESENTATIVE 3,SR3,590140
65661,STIANGREBIR,PETER,A,1983-10-10 00-00-00,,SERVICE REPRESENTATIVE 3,SR3,201714
6632,ESTIRMIAIR,DANIEL,A,1993-09-13 00-00-00,,SERVICE REPRESENTATIVE 3,SR3,501717
6635,LANDSIY,MICHAEL,I,1997-06-16 00-00-00,2004-03-23 00-00-00,SERVICE REPRESENTATIVE 2,SR2,490460
6644,COX,TIMOTHY,A,1997-06-02 00-00-00,,SERVICE REPRESENTATIVE 3,SR3,701407
6645,REMES,ALADINO,A,1995-09-11 00-00-00,,SERVICE REPRESENTATIVE 3,SR3,101313
6655,SKILTEN,JAMES,A,1996-11-04 00-00-00,,SERVICE REPRESENTATIVE 3,SR3,601306
666,MATA,JOSE,A,1998-03-30 00-00-00,,SERVICE REPRESENTATIVE 2,SR2,806708
6665,HEMBIRG,THOMAS,I,1996-11-04 00-00-00,2004-01-15 00-00-00,SERVICE REPRESENTATIVE 2,SR2,601306
6666,WINDU,MACE,A,1996-08-12 00-00-00,,SERVICE REPRESENTATIVE 2,SR2,701715
